image_filename,image_url,label,points
main_lab1.jpeg,https://images.squarespace-cdn.com/content/v1/5c72b85bfb1820401d0305c6/1651610659081-AYUZWIUEJHLZIB5WJ9R0/main_lab1.jpeg,Background white floor,"[{""x"": 79.87211608886719, ""y"": 71.5746078491211}]"
12309594_f520.jpg,https://usercontent1.hubstatic.com/12309594_f520.jpg,orange bar,"[{""x"": 64.76229858398438, ""y"": 68.9887924194336}]"
styles-lizzo-584-1.jpg,https://nypost.com/wp-content/uploads/sites/2/2022/07/styles-lizzo-584-1.jpg,Slightly wavy hair,"[{""x"": 30.510879516601562, ""y"": 28.08283233642578}]"
image_05.jpg,https://p.turbosquid.com/ts-thumb/2n/pID1Q5/I3lakLZ8/image_05/jpg/1603110053/1920x1080/fit_q87/3154389a9d0bd11872d376596799881974015435/image_05.jpg,front pocket,"[{""x"": 60.01943588256836, ""y"": 35.11602020263672}]"
Fx6RXbMakAMdBIu.jpg,https://pbs.twimg.com/media/Fx6RXbMakAMdBIu.jpg,Learn More Button,"[{""x"": 28.8429012298584, ""y"": 82.88288116455078}]"
happy_b_day_pikachuandpichu106__by_dawnbuneary-d949nbd.png,https://img00.deviantart.net/cf9e/i/2015/217/b/e/happy_b_day_pikachuandpichu106__by_dawnbuneary-d949nbd.png,Present box,"[{""x"": 40.22368621826172, ""y"": 80.98898315429688}]"
Myths-of-Maui-Luau-Review-Pin.jpg,https://hawaiitravelwithkids.com/wp-content/uploads/2022/03/Myths-of-Maui-Luau-Review-Pin.jpg,man's shorts,"[{""x"": 27.559524536132812, ""y"": 41.685794830322266}]"
81ZDxZtmbcL._UY695_.jpg,https://images-na.ssl-images-amazon.com/images/I/81ZDxZtmbcL._UY695_.jpg,toe of shoe,"[{""x"": 89.80158996582031, ""y"": 72.24961853027344}]"
500-1622126434-1916167112.png,https://staticdelivery.nexusmods.com/mods/3191/images/500/500-1622126434-1916167112.png,black wide-brimmed hat,"[{""x"": 18.752500534057617, ""y"": 20.990007400512695}]"
palm-beach-neighbors-12-days-of-giving-advertiser-showcase-e1600910358895.png,https://lab.secondstreet.com/wp-content/uploads/2020/09/palm-beach-neighbors-12-days-of-giving-advertiser-showcase-e1600910358895.png,Nothing Bundt Cakes logo,"[{""x"": 35.386905670166016, ""y"": 56.636295318603516}]"
maxresdefault_live.jpg,https://i.ytimg.com/vi/B5tOEtt-dUw/maxresdefault_live.jpg,hat,"[{""x"": 28.276458740234375, ""y"": 75.4363784790039}]"
20180420_100012729_ios.jpg,https://puutalokapylassa.files.wordpress.com/2018/06/20180420_100012729_ios.jpg,lock button on tape measure,"[{""x"": 42.32143020629883, ""y"": 72.23213958740234}]"
2020-ford-territory-exterior-front-philippines-5f3680e93472c.jpg,https://d1hv7ee95zft1i.cloudfront.net/custom/blog-post-photo/gallery/2020-ford-territory-exterior-front-philippines-5f3680e93472c.jpg,TERRITORY license plate,"[{""x"": 47.50038528442383, ""y"": 61.194183349609375}]"
14273878__bDlIzjPDsff2NzBEZMh9MRFgLOFz7ENX2H4XEkgw-w.jpg,https://fastly.4sqi.net/img/general/600x600/14273878__bDlIzjPDsff2NzBEZMh9MRFgLOFz7ENX2H4XEkgw-w.jpg,sunglasses,"[{""x"": 86.72618865966797, ""y"": 82.97618865966797}]"
24-03-08-00224.jpg,http://images.rescueme.org/24/03/08/24-03-08-00224.jpg,dog,"[{""x"": 47.02381134033203, ""y"": 48.04114532470703}]"
serial-number-icon-6.jpg,https://vectorified.com/images/serial-number-icon-6.jpg,add button,"[{""x"": 97.78369903564453, ""y"": 29.375032424926758}]"
customer-testimonial-conversion-rates-460x163.png,https://kinsta.com/wp-content/uploads/2014/04/customer-testimonial-conversion-rates-460x163.png,sign in button,"[{""x"": 79.4047622680664, ""y"": 6.383336067199707}]"
2FD4741C00000578-3386367-image-a-36_1452057049416.jpg,https://i.dailymail.co.uk/i/pix/2016/01/06/05/2FD4741C00000578-3386367-image-a-36_1452057049416.jpg,red jacket,"[{""x"": 53.85714340209961, ""y"": 40.26534652709961}]"
il_680x540.1750577769_tt17.jpg,https://i.etsystatic.com/12974361/r/il/aa60e1/1750577769/il_680x540.1750577769_tt17.jpg,brown trim,"[{""x"": 95.83399200439453, ""y"": 15.574705123901367}]"
20130218-100556-300x225.jpg,https://meowmeix.com/wp-content/uploads/2017/01/20130218-100556-300x225.jpg,% of RDA of total fat,"[{""x"": 86.13095092773438, ""y"": 5.238095283508301}]"
1711136_3XZk9PB_hAAlqx9n7QKaBIrBcFg9a7IrYqrKH0qi0GU.jpg,https://fastly.4sqi.net/img/general/600x600/1711136_3XZk9PB_hAAlqx9n7QKaBIrBcFg9a7IrYqrKH0qi0GU.jpg,far left building,"[{""x"": 19.47916603088379, ""y"": 67.38374328613281}]"
il_1588xN.1022587378_su6p.jpg,https://i.etsystatic.com/5489380/r/il/e2a691/1022587378/il_1588xN.1022587378_su6p.jpg,water pump,"[{""x"": 26.35486602783203, ""y"": 6.221273422241211}]"
WhatsApp-Image-2019-05-03-at-11.21.30-AM-1.jpeg,https://www.scoutmag.ph/wp-content/uploads/2019/05/WhatsApp-Image-2019-05-03-at-11.21.30-AM-1.jpeg,yellow bucket,"[{""x"": 59.5024299621582, ""y"": 87.33567810058594}]"
Screen-Shot-2023-09-07-at-5.01.19-PM-1024x844.png,http://www.tryhellohire.com/wp-content/uploads/2023/09/Screen-Shot-2023-09-07-at-5.01.19-PM-1024x844.png,update,"[{""x"": 90.1601791381836, ""y"": 92.67379760742188}]"
IMG_2198.JPG,https://4.bp.blogspot.com/-RaQufGqW7lk/UqgCJwswqFI/AAAAAAAAAYM/EbmflS8TxDk/s640/IMG_2198.JPG,dish soap,"[{""x"": 32.55952453613281, ""y"": 15.738877296447754}]"
9.jpg,http://3.bp.blogspot.com/_uz9yjxk2yeU/SYej5NwNXMI/AAAAAAAAK74/PwPmo5lfPDY/s400/9.jpg,white snowboard behind green snowboard,"[{""x"": 43.095237731933594, ""y"": 2.4336283206939697}]"
images----GH37.png,https://leanpub.com/site_images/manual/images----GH37.png,show all button,"[{""x"": 93.17656707763672, ""y"": 91.74208068847656}]"
Tony-Romas-Photo-by-Media-Cookery.jpg,https://www.franchisechatter.com/wp-content/uploads/2014/12/Tony-Romas-Photo-by-Media-Cookery.jpg,glass of water,"[{""x"": 16.904762268066406, ""y"": 2.3502895832061768}]"
1953-cadillac-convertible-ls-4.jpg,https://st.hotrod.com/uploads/sites/21/2016/12/1953-cadillac-convertible-ls-4.jpg,windshield,"[{""x"": 37.88702392578125, ""y"": 49.662818908691406}]"
Mezzelune-HOW-3.jpg,https://www.cookeatworld.com/wp-content/uploads/2023/03/Mezzelune-HOW-3.jpg,3,"[{""x"": 9.026575088500977, ""y"": 10.979693412780762}]"
il_570xN.840756369_bezi.jpg,https://img1.etsystatic.com/102/0/5415691/il_570xN.840756369_bezi.jpg,brown ribbon,"[{""x"": 23.108463287353516, ""y"": 60.87641143798828}]"
Rustic-christmas-wood.jpg,https://hungaricanjourney.com/wp-content/uploads/2018/09/Rustic-christmas-wood.jpg,butterfly,"[{""x"": 66.01190185546875, ""y"": 70.33686828613281}]"
97531a1f69af2e535d02e030c65aacf5.png,https://us-static.z-dn.net/files/d3e/97531a1f69af2e535d02e030c65aacf5.png,green checkmark,"[{""x"": 7.797618865966797, ""y"": 80.22761535644531}]"
Flower-Hard-Plastic-Phone-Case-For-Samsung-Galaxy-A3-A5-A7-J5-J7-2015-A510-A710.jpg_640x640.jpg,https://ae01.alicdn.com/kf/HTB1g6A3di0TMKJjSZFNq6y_1FXaV/Flower-Hard-Plastic-Phone-Case-For-Samsung-Galaxy-A3-A5-A7-J5-J7-2015-A510-A710.jpg_640x640.jpg,Speaker,"[{""x"": 77.79762268066406, ""y"": 82.5}]"
Untitled-18-1.png,https://www.sender.net/wp-content/uploads/2022/08/Untitled-18-1.png,Callyzer logo,"[{""x"": 21.897005081176758, ""y"": 58.134521484375}]"
FlatRock101K-2018-0083-750.jpg,https://d2goauph7ju525.cloudfront.net/wp-content/uploads/2018/05/FlatRock101K-2018-0083-750.jpg,hat on woman's head,"[{""x"": 49.717262268066406, ""y"": 41.07561492919922}]"
Install-Google-Messages-app-on-android-mobile-1-2048x1789.jpg,https://www.best4geeks.com/wp-content/uploads/2020/03/Install-Google-Messages-app-on-android-mobile-1-2048x1789.jpg,Set default SMS button,"[{""x"": 73.10616302490234, ""y"": 57.501251220703125}]"
Leeds-United-1976-Share-Certificate-Front.jpg,http://www.thenationalfootballcollection.org.uk/wp-content/uploads/2019/01/Leeds-United-1976-Share-Certificate-Front.jpg,seal,"[{""x"": 27.873302459716797, ""y"": 80.60018157958984}]"
Cheap-Things-to-do-in-NYC-Brooklyn-Bridge-Park.jpg,https://rambleswithrachel.com/wp-content/uploads/2022/07/Cheap-Things-to-do-in-NYC-Brooklyn-Bridge-Park.jpg,Sky,"[{""x"": 46.755245208740234, ""y"": 15.815242767333984}]"
e8078492-a57c-11e4-862f-dbc51be54f3f.jpg,https://assets.catawiki.nl/assets/2015/1/26/e/8/0/e8078492-a57c-11e4-862f-dbc51be54f3f.jpg,groovebox label,"[{""x"": 70.88744354248047, ""y"": 11.034099578857422}]"
img19-20.jpg,https://sgmark.org/wp-content/uploads/winners/1330/img19-20.jpg,indoor plant,"[{""x"": 76.3521957397461, ""y"": 58.47503662109375}]"
Vaccinated_No.png,https://signpost-kenya.zendesk.com/hc/article_attachments/4413910063255/Vaccinated_No.png,Unselected bubble,"[{""x"": 41.320350646972656, ""y"": 15.96816635131836}]"
18150156_1_lg.jpeg,https://auctions.morphyauctions.com/ItemImages/000291/18150156_1_lg.jpeg,green bottle,"[{""x"": 82.93099975585938, ""y"": 49.09648895263672}]"
20180801_213221-1024x576.jpg,https://bcartifacts.com/wordpress/wp-content/uploads/20180801_213221-1024x576.jpg,hand,"[{""x"": 88.68243408203125, ""y"": 82.95796203613281}]"
wordpress.org_.png,https://wpcreative.com.au/wp-content/uploads/2016/09/wordpress.org_.png,Hosting,"[{""x"": 60.71258544921875, ""y"": 17.795522689819336}]"
79913_1523779940.jpg,https://cdn.jetphotos.com/full/6/79913_1523779940.jpg,front wheel,"[{""x"": 11.82589054107666, ""y"": 54.71471405029297}]"
22-select-files.png,https://media.wpsheeteditor.com/wp-content/uploads/2019/11/26201056/22-select-files.png,execute now green button,"[{""x"": 46.169673919677734, ""y"": 71.7682113647461}]"
ID.SLK.HT.SPH_3.jpeg,https://kfmap.asia/storage/thumbs/storage/photos/ID.SLK.HT.SPH/ID.SLK.HT.SPH_3.jpeg,floor to ceiling window,"[{""x"": 28.84920310974121, ""y"": 46.1321907043457}]"
256-1.png,https://thegdwc.com/images/games/200/256-1.png,pill shape meduim,"[{""x"": 47.72508239746094, ""y"": 79.41824340820312}]"
4c4e2013216611.56271810c681e.jpg,https://mir-s3-cdn-cf.behance.net/project_modules/max_1200/4c4e2013216611.56271810c681e.jpg,facebook icon,"[{""x"": 63.22885513305664, ""y"": 6.922956466674805}]"
IMG_3047.jpeg,https://1.bp.blogspot.com/-crDXcbejKNQ/X6ywczngymI/AAAAAAAAfdg/L6Bczl9lGXk_7nYu7rNL1mzytAaqfZQBgCNcBGAsYHQ/s2048/IMG_3047.jpeg,hook,"[{""x"": 23.683856964111328, ""y"": 9.822209358215332}]"
Permian-2-Unload-Data-web.JPG,https://silverwell-files.nyc3.digitaloceanspaces.com/Permian-2-Unload-Data-web.JPG,helmet,"[{""x"": 80.05372619628906, ""y"": 20.406604766845703}]"
5f5ba393a40fb.png,https://www.businessinsider.nl/wp-content/uploads/2020/09/5f5ba393a40fb.png,plus sign,"[{""x"": 69.25675964355469, ""y"": 92.28217315673828}]"
tarah-squirrel.jpg,https://www.grandmashousediy.com/wp-content/uploads/tarah-squirrel.jpg,rat,"[{""x"": 46.78571319580078, ""y"": 59.173248291015625}]"
DSC_8360.JPG,https://1.bp.blogspot.com/-F6DraYmbVXI/Utx-9jB1z0I/AAAAAAAAJEQ/tJ055o7WSD8/s1600/DSC_8360.JPG,summarised sign,"[{""x"": 97.95650482177734, ""y"": 82.75350189208984}]"
tactical-scorpion-level-iii-ar500-body-armor-concealed-11-x-14-bobcat-vest-black-image-1.jpg,https://tacticalscorpiongear.com/media/catalog/product/cache/3b80fabd737062ac0542c65dcedd5e70/t/a/tactical-scorpion-level-iii-ar500-body-armor-concealed-11-x-14-bobcat-vest-black-image-1.jpg,keyring,"[{""x"": 49.39591979980469, ""y"": 79.40506744384766}]"
p22868296_b_v8_aa.jpg,https://resizing.flixster.com/-XZAfHZM39UwaGJIFWKAE8fS0ak=/v3/t/assets/p22868296_b_v8_aa.jpg,black tie,"[{""x"": 12.611917495727539, ""y"": 10.692712783813477}]"
A-Man-Holding-a-Stop-Sign_title-page.jpg,https://freight.cargo.site/t/original/i/bc88a517f00be0726f8d694b7e03c22472fc23fe7878b6f1ce63e375bf4afe77/A-Man-Holding-a-Stop-Sign_title-page.jpg,"word ""sublimation""","[{""x"": 11.215893745422363, ""y"": 11.769144058227539}]"
5353913_orig.jpg,http://digitelink.weebly.com/uploads/2/4/8/2/24824821/5353913_orig.jpg,blue coat,"[{""x"": 92.93650817871094, ""y"": 21.111217498779297}]"
6404.1518719965.jpg,https://www.railpictures.net/images/d2/4/0/4/6404.1518719965.jpg,Red circle sign,"[{""x"": 96.22595977783203, ""y"": 84.04906463623047}]"
koala-hospital-768x512.jpg,https://allthatsinteresting.com/wordpress/wp-content/uploads/2016/08/koala-hospital-768x512.jpg,nose,"[{""x"": 6.845238208770752, ""y"": 27.31026840209961}]"
__video_de_danang_au_vietnam___pas_peur_du_tout_by_sophiecolle_dh97h9n-350t.jpg,"https://images-wixmp-ed30a86b8c4ca887773594c2.wixmp.com/i/92f5325f-c286-480e-bc9e-7e40fe050fc8/dh97h9n-b0b2c8bd-533a-4993-87b2-2daa63ebcd9e.jpg/v1/fill/w_201,h_350,q_70,strp/__video_de_danang_au_vietnam___pas_peur_du_tout_by_sophiecolle_dh97h9n-350t.jpg",monkey,"[{""x"": 54.95535659790039, ""y"": 35.89376449584961}]"
image.jpg,https://image.jimcdn.com/app/cms/image/transf/none/path/s9ec1136717caf0af/image/idd7767a2d2348502/version/1569253715/image.jpg,sky,"[{""x"": 67.8543701171875, ""y"": 3.7837836742401123}]"
gvjtihxnq4lz.jpg,https://i.redd.it/gvjtihxnq4lz.jpg,sword and scale logo,"[{""x"": 7.14127254486084, ""y"": 11.891923904418945}]"
large.jpeg,https://inaturalist-open-data.s3.amazonaws.com/photos/50101093/large.jpeg,thorax,"[{""x"": 53.67398452758789, ""y"": 25.394142150878906}]"
5883588f2c9eb99faafea8b7.png,https://assets.stickpng.com/thumbs/5883588f2c9eb99faafea8b7.png,Long brown banjo handle,"[{""x"": 57.380950927734375, ""y"": 52.14285659790039}]"
Gardentivoli-villa-deste-915.jpg,http://www.madeinsouthitalytoday.com/assets/uploads/ItalyHistory/Reinassence_Sculpture/Images_915/Gardentivoli-villa-deste-915.jpg,red heart ,"[{""x"": 2.349726676940918, ""y"": 0.8278145790100098}]"
l.jpg,https://s3-media0.fl.yelpcdn.com/bphoto/VQCt4PhUt_OlCIIw1Btcwg/l.jpg,jet black header banner,"[{""x"": 62.85714340209961, ""y"": 2.1848318576812744}]"
17.jpg,https://www.bolivianlife.com/wp-content/uploads/2014/10/17.jpg,right hill,"[{""x"": 94.76190185546875, ""y"": 49.42601776123047}]"
w700_masa_de_empanada1.jpg,https://queapetito.com/wp-content/uploads/2018/10/w700_masa_de_empanada1.jpg,plain dough,"[{""x"": 46.46725082397461, ""y"": 58.373138427734375}]"
default.jpg,"https://framemark.vam.ac.uk/collections/2009CR4027/full/!600,/0/default.jpg",hat,"[{""x"": 55.158721923828125, ""y"": 13.253026962280273}]"
wednesday-netflix-memes-47-64abcdda5746a__700.jpg,https://www.boredpanda.com/blog/wp-content/uploads/2023/07/wednesday-netflix-memes-47-64abcdda5746a__700.jpg,white space,"[{""x"": 85.89286041259766, ""y"": 21.481111526489258}]"
extra_football_shirt_33398_1.jpg,https://www.oldfootballshirts.com/img/shirts/931/extra_football_shirt_33398_1.jpg,Square with different images inside,"[{""x"": 91.12837982177734, ""y"": 6.331070423126221}]"
3-6-earthy-fall-wedding-palettes(pp_w480_h643).jpg,https://heyweddinglady.com/wp-content/uploads/2015/08/26-31232-post/3-6-earthy-fall-wedding-palettes(pp_w480_h643).jpg,dresser,"[{""x"": 86.54762268066406, ""y"": 93.3125991821289}]"
e50ce3336ef8d357049e806a080d9568a78fe5f2_00.jpg,http://pm1.narvii.com/6303/e50ce3336ef8d357049e806a080d9568a78fe5f2_00.jpg,medium screen next to biggest screen,"[{""x"": 30.699405670166016, ""y"": 72.69664764404297}]"
cb6.jpg,https://i.kym-cdn.com/photos/images/newsfeed/000/700/582/cb6.jpg,car,"[{""x"": 3.531745672225952, ""y"": 98.40990447998047}]"
Christopher-Botting-717252.jpg,https://cdn.images.express.co.uk/img/dynamic/1/674x400/Christopher-Botting-717252.jpg,grass,"[{""x"": 5.654761791229248, ""y"": 95.5837631225586}]"
2015-07-30_15-54-48.jpg,http://www.bypeople.com/wp-content/uploads/2015/07/2015-07-30_15-54-48.jpg,sun icon,"[{""x"": 26.880952835083008, ""y"": 95.3817138671875}]"
maxresdefault.jpg,https://i.ytimg.com/vi/kKaKFaTY5f0/maxresdefault.jpg,brown jacket,"[{""x"": 46.215972900390625, ""y"": 47.56756591796875}]"
genoa-pesto-pasta.jpg,https://wearetravelgirls.com/wp-content/uploads/2018/01/genoa-pesto-pasta.jpg,plate rim,"[{""x"": 7.38095235824585, ""y"": 81.0239028930664}]"
GA-dimensions.PNG,https://cdn.adido-digital.co.uk/blogs/GA-dimensions.PNG,clicking source medium attribution ,"[{""x"": 4.836309432983398, ""y"": 37.82154846191406}]"
tax1.png,https://cdn.townweb.com/townofprospect.org/wp-content/uploads/2021/07/tax1.png,cart button,"[{""x"": 65.26946258544922, ""y"": 23.68210220336914}]"
14272274247_895e34133c.jpg,https://c1.staticflickr.com/4/3894/14272274247_895e34133c.jpg,search bar,"[{""x"": 35.17856979370117, ""y"": 14.032878875732422}]"
tap-on-verify.png,https://www.technorms.com/assets/tap-on-verify.png,backslash symbol,"[{""x"": 93.45237731933594, ""y"": 97.94429016113281}]"
0_Copgrove-Road-Leeds.jpg,https://i2-prod.examinerlive.co.uk/incoming/article22688557.ece/ALTERNATES/s1227b/0_Copgrove-Road-Leeds.jpg,This is where you pull to open circular door,"[{""x"": 77.3937759399414, ""y"": 74.54222869873047}]"
File%2BAug%2B04%252C%2B6%2B07%2B28%2BPM.jpeg,https://2.bp.blogspot.com/-oZ-Tt6ekD2s/WYTw54FNf8I/AAAAAAAAc9c/XXOKpSMGDAUdesuSlUavKCrl-SUT5cziwCLcBGAs/s1600/File%2BAug%2B04%252C%2B6%2B07%2B28%2BPM.jpeg,hair,"[{""x"": 94.17198944091797, ""y"": 18.79216766357422}]"
s-l1600.png,https://i.ebayimg.com/images/g/v44AAOSwSbBj1~HK/s-l1600.png,wall,"[{""x"": 99.0709457397461, ""y"": 33.54954147338867}]"
nLNCvHOR.jpg,https://static.swappa.com/media/listing/LYCX03876/nLNCvHOR.jpg,trash icon,"[{""x"": 76.5384292602539, ""y"": 74.27217102050781}]"
cf394616737e61545e82bb0fa562e7e6--operating-system-android.jpg,https://i.pinimg.com/736x/cf/39/46/cf394616737e61545e82bb0fa562e7e6--operating-system-android.jpg,profile button,"[{""x"": 90.77381134033203, ""y"": 4.270969867706299}]"
Jan26_Livestream_Flyer.png,https://ccrjustice.org/sites/default/files/images/2024/01/Jan26_Livestream_Flyer.png,Red textured bar at top of image,"[{""x"": 77.31576538085938, ""y"": 3.4065608978271484}]"
Screen-Shot-2020-05-12-at-10.09.50-AM-1-700x425.png,https://assets-wp.boundless.com/uploads/2020/05/Screen-Shot-2020-05-12-at-10.09.50-AM-1-700x425.png,CVV box,"[{""x"": 78.63484954833984, ""y"": 65.71812438964844}]"
aop_teaser-1.jpg,https://hias.org/wp-content/uploads/2022/06/aop_teaser-1.jpg,gray border on bottom,"[{""x"": 72.08333587646484, ""y"": 97.88562774658203}]"
Solve-It-Looks-like-That-Device-Hasnt-Been-Setup-yet-Error-in-Google-Assistant-1_935adec67b324b146ff212ec4c69054f.png,https://www.guidingtech.com/wp-content/uploads/Solve-It-Looks-like-That-Device-Hasnt-Been-Setup-yet-Error-in-Google-Assistant-1_935adec67b324b146ff212ec4c69054f.png,purple arrow,"[{""x"": 51.369049072265625, ""y"": 60.75685119628906}]"
bf263683594015.5d41563c8fae3.jpg,https://mir-s3-cdn-cf.behance.net/project_modules/max_1200/bf263683594015.5d41563c8fae3.jpg,black felt tip pen,"[{""x"": 33.396751403808594, ""y"": 44.4468879699707}]"
136103_after.jpeg,https://userstyles.org/style_screenshots/136103_after.jpeg,click here to search SKYMODS,"[{""x"": 94.84642028808594, ""y"": 3.877002000808716}]"
b376c2110008889.5fe1778120c45.png,https://mir-s3-cdn-cf.behance.net/project_modules/1400/b376c2110008889.5fe1778120c45.png,fruit,"[{""x"": 51.498905181884766, ""y"": 29.216556549072266}]"
IMG_1905-1024x683.jpg,https://www.anubhutitrust.org/wp-content/uploads/2019/12/IMG_1905-1024x683.jpg,blue athletic pan with red stripe down the leg,"[{""x"": 78.30469512939453, ""y"": 58.422359466552734}]"
Screenshot_photos_v2_x4.jpg,https://venturebeat.com/wp-content/uploads/2020/05/Screenshot_photos_v2_x4.jpg,Reserve a time button,"[{""x"": 67.46199035644531, ""y"": 31.24692726135254}]"
mobile-image-background-1024x700.png,https://extendthemes.com/knowledge-base/highlight/wp-content/uploads/sites/5/2019/01/mobile-image-background-1024x700.png,Learn More button,"[{""x"": 70.57620239257812, ""y"": 67.49034881591797}]"
"1336286d-f6bd-4304-8dd4-6b00992e7008.__CR0,0,970,600_PT0_SX970_V1___.png","https://m.media-amazon.com/images/S/aplus-media/sc/1336286d-f6bd-4304-8dd4-6b00992e7008.__CR0,0,970,600_PT0_SX970_V1___.png",question mark,"[{""x"": 25.026031494140625, ""y"": 47.76819610595703}]"
suns.jpg,https://www.live-for-today.org/wp-content/uploads/2013/06/suns.jpg,Dug Out ,"[{""x"": 56.219181060791016, ""y"": 58.09136962890625}]"
screen-5.jpg?fakeurl=1&type=.jpg,https://image.winudf.com/v2/image1/Y29tLnp5YS5kaXR0eV9zY3JlZW5fNV8xNTUzODAxNzAyXzA1Ng/screen-5.jpg?fakeurl=1&type=.jpg,"notification bar, (gray)","[{""x"": 33.519737243652344, ""y"": 1.247401237487793}]"
agenda_img_1.jpg,https://addisfortune.net/wp-content/uploads/2014/07/agenda_img_1.jpg,Tie,"[{""x"": 62.8309326171875, ""y"": 50.16018295288086}]"
mendo_09-minjpg.jpg,https://airows.com/.image/c_limit%2Ccs_srgb%2Cfl_progressive%2Cq_auto:good%2Cw_700/MTQzMDMxNDEwNTIzOTA3Mjc4/mendo_09-minjpg.jpg,sky,"[{""x"": 5.564448356628418, ""y"": 1.4984102249145508}]"
USATSI_21833971_168403154_lowres.jpg,https://www.wruf.com/wp-content/uploads/2024/02/USATSI_21833971_168403154_lowres.jpg,metal pitcher`s plate,"[{""x"": 46.553409576416016, ""y"": 76.55963134765625}]"
0526181859-700x525.jpg,https://www.aldireviewer.com/wp-content/uploads/2018/05/0526181859-700x525.jpg,medium pan,"[{""x"": 47.30952453613281, ""y"": 70.0952377319336}]"
33bb1a0151ae5301677f70ea6ca491603b850684980f119f5edbca3442080f0d_1.jpg,"https://imageproxy.ifunny.co/crop:x-20,resize:640x,quality:90x75/images/33bb1a0151ae5301677f70ea6ca491603b850684980f119f5edbca3442080f0d_1.jpg",nose,"[{""x"": 41.369049072265625, ""y"": 58.97834014892578}]"
loki8107-3.jpg,http://www.marvunapp.com/Appendix9/loki8107-3.jpg,nose,"[{""x"": 30.595237731933594, ""y"": 37.91012191772461}]"
1645496455460416bb8b424bf35bc2d3065908a963_thumbnail_405x552.jpg,https://img.ltwebstatic.com/images3_pi/2022/02/22/1645496455460416bb8b424bf35bc2d3065908a963_thumbnail_405x552.jpg,clear nose trim,"[{""x"": 39.881126403808594, ""y"": 56.93281936645508}]"
ecdeebc81ac0a71bee4e6cd768c76c30c0241f9a_hq.jpg,https://pm1.narvii.com/6237/ecdeebc81ac0a71bee4e6cd768c76c30c0241f9a_hq.jpg,hair,"[{""x"": 54.64285659790039, ""y"": 27.120628356933594}]"
make-you-dank-meme-daniel-robot-voice-meme.png,"https://fiverr-res.cloudinary.com/videos/so_2.504742,t_main1,q_auto,f_auto/zsvdmdnctspy8khemqu2/make-you-dank-meme-daniel-robot-voice-meme.png",suit coat,"[{""x"": 24.973543167114258, ""y"": 56.122703552246094}]"
Apple-Tree-On-Main0-3a3621beff682df_3a362334-bd89-e779-5bff3de1ce33f865.jpg,"https://res.cloudinary.com/simpleview/image/fetch/c_fill,f_auto,h_300,q_75,w_600/https://res.cloudinary.com/simpleview/image/upload/crm/poconos/Apple-Tree-On-Main0-3a3621beff682df_3a362334-bd89-e779-5bff3de1ce33f865.jpg",car,"[{""x"": 86.72618865966797, ""y"": 50.238094329833984}]"
home-design.jpg,https://st.hzcdn.com/simgs/e3d1848c0877ac39_4-8025/home-design.jpg,metal roof,"[{""x"": 28.214284896850586, ""y"": 43.015872955322266}]"
Buddy-Bear-Beginning.jpg,https://www.buddy-baer.com/fileadmin/user_upload/Idea/Buddy-Bear-Beginning.jpg,white car,"[{""x"": 40.160316467285156, ""y"": 48.261871337890625}]"
preparing-garden-soil.jpg,https://www.lifebetweenthekitchenandthecoop.com/wp-content/uploads/preparing-garden-soil.jpg,stick,"[{""x"": 82.99652862548828, ""y"": 39.61940383911133}]"
SanVignoni.jpg,https://i1.wp.com/drystonegarden.com/wp-content/uploads/2018/09/SanVignoni.jpg,water,"[{""x"": 47.25928497314453, ""y"": 70.77107238769531}]"
HD-wallpaper-crystal-staff-magic-wand.jpg,https://w0.peakpx.com/wallpaper/400/514/HD-wallpaper-crystal-staff-magic-wand.jpg,band,"[{""x"": 56.441795349121094, ""y"": 41.80997848510742}]"
lrgtablelamp272_6__l.jpg,https://a.1stdibscdn.com/archivesE/upload/f_8764/1479417045855/lrgtablelamp272_6__l.jpg,surface,"[{""x"": 91.875, ""y"": 69.02106475830078}]"
s-l640_2.jpg,https://i.ebayimg.com/images/g/-XoAAOSwkIJfYSCi/s-l640.jpg,red lego light,"[{""x"": 71.13095092773438, ""y"": 47.05356979370117}]"
2033C418-1891-4A2E-8790-0660C711BDED.jpeg,https://rjmedianow.com/wp-content/uploads/2020/12/2033C418-1891-4A2E-8790-0660C711BDED.jpeg,6,"[{""x"": 50.65502166748047, ""y"": 79.8365707397461}]"
Three-Airport-Input.png,https://www.stuckonthego.com/wp-content/uploads/2019/10/Three-Airport-Input.png,LOCATION PIN,"[{""x"": 9.285714149475098, ""y"": 23.560169219970703}]"
IMG_6776-576x1024-1.jpg,https://thriftytraveler.com/wp-content/uploads/2019/08/IMG_6776-576x1024-1.jpg,back arrow,"[{""x"": 7.261904716491699, ""y"": 5.691132068634033}]"
d71077_179c3b0af79e44ebb73415a487191e62~mv2.jpg,"https://static.wixstatic.com/media/d71077_179c3b0af79e44ebb73415a487191e62~mv2.jpg/v1/fill/w_980,h_735,al_c,q_85,usm_0.66_1.00_0.01/d71077_179c3b0af79e44ebb73415a487191e62~mv2.jpg",Yellow bin,"[{""x"": 26.897022247314453, ""y"": 46.01864242553711}]"
Screen-Shot-2015-11-02-at-155113.jpg,https://i2-prod.mirror.co.uk/incoming/article6752955.ece/ALTERNATES/s1168v/Screen-Shot-2015-11-02-at-155113.jpg,pos system,"[{""x"": 65.95337677001953, ""y"": 89.699951171875}]"
0928887_XL.jpg,https://irp-cdn.multiscreensite.com/80e73818/dms3rep/multi/0928887_XL.jpg,sink basin,"[{""x"": 96.00140380859375, ""y"": 87.69629669189453}]"
nvui8zynskm01.png,https://i.redd.it/nvui8zynskm01.png,comment text box,"[{""x"": 23.701818466186523, ""y"": 96.64948272705078}]"
Screen-Shot-2020-07-21-at-2.40.45-PM.png,https://cdn.seeitlive.co/wp-content/uploads/2020/07/21114917/Screen-Shot-2020-07-21-at-2.40.45-PM.png,headphone wire,"[{""x"": 21.27305030822754, ""y"": 69.63373565673828}]"
s-l500.jpg,https://i.ebayimg.com/images/g/EdMAAOSwi0RXxzCn/s-l500.jpg,standing on side,"[{""x"": 11.964285850524902, ""y"": 35.56664276123047}]"
IMG_6013.JPG,https://4.bp.blogspot.com/-wIfoFpnI68U/TdGzJmB-AhI/AAAAAAAAB-c/1lpkZe1flXk/s400/IMG_6013.JPG,drain stopper,"[{""x"": 47.7976188659668, ""y"": 79.84127044677734}]"
00019842.jpg,https://images.gamewatcherstatic.com/screenshot/image/9/e9/196209/00019842.jpg,moon,"[{""x"": 17.321428298950195, ""y"": 33.17460250854492}]"
2011-09-27_5531.jpg,https://dl.id.au/photo_birds/2011-09-27_5531.jpg,tail feathers,"[{""x"": 77.79762268066406, ""y"": 79.3424301147461}]"
389_610_ucp.jpg,https://www.mrbreakfast.com/ucp/389_610_ucp.jpg,pink hair,"[{""x"": 87.97618865966797, ""y"": 32.21041488647461}]"
35B61BDC-9752-40AF-AF55-FE4C4E521DDC.jpeg,https://whereyoueat.com/r_user_images/rest-22226/35B61BDC-9752-40AF-AF55-FE4C4E521DDC.jpeg,sticker label,"[{""x"": 4.51086950302124, ""y"": 27.246376037597656}]"
6.jpg,https://cloudflare1.360gigapixels.com/pano/seaofsaa/00966028_Moraira_Castle.tif/equirect_crop_3_1/6.jpg,window,"[{""x"": 49.09206008911133, ""y"": 45.24292755126953}]"
mceclip2.png,https://help.followupboss.com/hc/article_attachments/4403597706647/mceclip2.png,first name,"[{""x"": 27.29165267944336, ""y"": 5.094038009643555}]"
s-l1600_2.jpg,https://i.ebayimg.com/images/g/YeEAAOSwme9eg16s/s-l1600.jpg,right hook,"[{""x"": 11.725964546203613, ""y"": 65.51949310302734}]"
Bohemian-Outdoor-Room-Ideas-kylamagrathinteriors-768x960.jpg,https://trendey.com/wp-content/uploads/2022/08/Bohemian-Outdoor-Room-Ideas-kylamagrathinteriors-768x960.jpg,fence,"[{""x"": 61.369049072265625, ""y"": 30.0}]"
sn-home-400x253.jpg,https://codewithpower.com/wp-content/uploads/2021/07/sn-home-400x253.jpg,blue shirt,"[{""x"": 36.66666793823242, ""y"": 61.7357292175293}]"
a-reminder-that-what-you-see-isnt-always-what-you-get-4.jpg,https://piximus.net/media2/43635/a-reminder-that-what-you-see-isnt-always-what-you-get-4.jpg,watch,"[{""x"": 56.011905670166016, ""y"": 71.59523010253906}]"
s-l640.jpg,https://i.ebayimg.com/images/g/YM0AAOSwq1NeJMqm/s-l640.jpg,Water,"[{""x"": 37.47103500366211, ""y"": 81.59733581542969}]"
login.jpg,https://www.redspider.ae/wp-content/uploads/2016/12/login.jpg,Vertical line at center of image,"[{""x"": 57.66777420043945, ""y"": 23.713294982910156}]"
Brian-Whelan.jpg,http://wiensmandolins.com/wp-content/uploads/2015/07/Brian-Whelan.jpg,Wall,"[{""x"": 55.95796585083008, ""y"": 7.497507572174072}]"
41708.png,https://moslereconomics.com/wp-content/uploads/2018/04/41708.png,star icon,"[{""x"": 3.1036806106567383, ""y"": 3.8298985958099365}]"
citynethome-2-605x1024-1.png,https://engagesq.com/app/uploads/2022/06/citynethome-2-605x1024-1.png,Search bar,"[{""x"": 41.96428680419922, ""y"": 0.8440302610397339}]"
not_perfect_49.jpg,https://cdn.acidcow.com/pics/20190411/not_perfect_49.jpg,Green spot above toilet paper on wall,"[{""x"": 60.41666793823242, ""y"": 15.994484901428223}]"
DSC00865_edited-1.JPG,https://4.bp.blogspot.com/_75w4rBnSrWg/S_YKwL2znLI/AAAAAAAABwU/eJa6YvUkyHM/s640/DSC00865_edited-1.JPG,Door,"[{""x"": 84.10713958740234, ""y"": 45.53571319580078}]"
uber-game-system.jpg,https://media.techeblog.com/images/uber-game-system.jpg,cellphone ,"[{""x"": 34.394798278808594, ""y"": 33.23600769042969}]"
tamarind-chile-braised-chicken-tacos-27.jpg,https://www.cherryonmysundae.com/wp-content/uploads/2022/07/tamarind-chile-braised-chicken-tacos-27.jpg,outside of pitcher,"[{""x"": 3.378321647644043, ""y"": 20.527305603027344}]"
1022273910_4ctc4-S.jpg,http://nightstalker.smugmug.com/Motorcycles/Arizona/2010-09-25-Crown-King-Bull-Run/DSC03338/1022273910_4ctc4-S.jpg,back tire,"[{""x"": 37.14285659790039, ""y"": 84.8466796875}]"
438e216421e4d76f23c822d892384aa1.jpg,https://i.pinimg.com/originals/43/8e/21/438e216421e4d76f23c822d892384aa1.jpg,child,"[{""x"": 58.78390884399414, ""y"": 5.747798919677734}]"
kiedy-mama-zostawi-cie-w-kolejce-do-kasy-a-ty-jestes-nastepny-dzwoni-przez-telefon.jpg,https://paczaizm.pl/content/wp-content/uploads/kiedy-mama-zostawi-cie-w-kolejce-do-kasy-a-ty-jestes-nastepny-dzwoni-przez-telefon.jpg,brown belt,"[{""x"": 51.548057556152344, ""y"": 96.48178100585938}]"
Sleek-architectural-1200_1200x420_acf_cropped-1.jpg,https://www.complete-kitchens.com.au/cms/content/uploads/2016/09/Sleek-architectural-1200_1200x420_acf_cropped-1.jpg,toilet seat lid,"[{""x"": 91.81895446777344, ""y"": 95.44954681396484}]"
4991127_d6bf6594.jpg,https://s0.geograph.org.uk/geophotos/04/99/11/4991127_d6bf6594.jpg,street sign,"[{""x"": 7.301586627960205, ""y"": 51.322750091552734}]"
081384e32a4f1c6a44e8136faf9401d2.jpeg,https://www.jisilu.cn/uploads/answer/20231222/081384e32a4f1c6a44e8136faf9401d2.jpeg,100%,"[{""x"": 86.39517974853516, ""y"": 76.74227142333984}]"
2.jpg,https://www.esiteworld.com/images/prodelivery/user/2.jpg,"""Route"" Button","[{""x"": 48.80952453613281, ""y"": 12.925070762634277}]"
GH010042.00_03_28_22.Still016.jpg,https://nmwa.org/wp-content/uploads/2021/02/GH010042.00_03_28_22.Still016.jpg,Bowl,"[{""x"": 6.508218765258789, ""y"": 84.77183532714844}]"
2779.1262569512.jpg,https://www.railpictures.net/images/d1/7/7/9/2779.1262569512.jpg,black smoke,"[{""x"": 59.054012298583984, ""y"": 25.369068145751953}]"
Screenshot-from-2021-10-03-18-43-28.png,https://foreman.mn/blog/content/images/2021/10/Screenshot-from-2021-10-03-18-43-28.png,Bitcoin white text in gray box,"[{""x"": 23.809524536132812, ""y"": 53.42857360839844}]"
frobt-08-657291-g001.jpg,https://www.frontiersin.org/files/Articles/657291/frobt-08-657291-HTML/image_m/frobt-08-657291-g001.jpg,grey,"[{""x"": 18.154762268066406, ""y"": 86.6651840209961}]"
164f532709a-20180606-130647.700.jpg,https://www.smallcitybigpersonality.co.uk/pubd/images/upd/164f532709a-20180606-130647.700.jpg,white large long haired dog,"[{""x"": 59.404762268066406, ""y"": 44.92063522338867}]"
ARRI_40_s_Vintage_Theater_Stage_Nautical_Spotlight_Art_Deco_Industrial_Lamp_03_gih.jpg,https://spotlightlantern.com/sites/default/files/image/ARRI_40_s_Vintage_Theater_Stage_Nautical_Spotlight_Art_Deco_Industrial_Lamp_03_gih.jpg,camera lens,"[{""x"": 50.523807525634766, ""y"": 16.786788940429688}]"
piper-and-castle-banner-image.jpg,https://d1hirb55zrpywb.cloudfront.net/mediaassets/images/3172/banner-image/piper-and-castle-banner-image.jpg,bag,"[{""x"": 35.59146499633789, ""y"": 63.26057434082031}]"
478956.png,https://www.cisco.com/c/dam/en/us/td/i/400001-500000/470001-480000/478001-479000/478956.png,box to select network gateway,"[{""x"": 66.31497955322266, ""y"": 66.09976959228516}]"
bank-reconciliation-slider.png,https://zipbooks.com/wp-content/uploads/2018/08/bank-reconciliation-slider.png,front arrow,"[{""x"": 86.13095092773438, ""y"": 45.511112213134766}]"
doctrinal-statement-international-association-of-bible-colleges-and-seminaries.jpg,https://www.iabcseducation.org/wp-content/uploads/2023/08/doctrinal-statement-international-association-of-bible-colleges-and-seminaries.jpg,ribbon,"[{""x"": 51.50254440307617, ""y"": 87.07543182373047}]"
AlexaappmultiEchosettings-698x1240.png,https://cdn.geekwire.com/wp-content/uploads/2016/04/AlexaappmultiEchosettings-698x1240.png,time,"[{""x"": 94.46428680419922, ""y"": 1.8093483448028564}]"
"91mQgF6iEwL._CR1,0,998,563_SR684,386_.png","https://m.media-amazon.com/images/I/91mQgF6iEwL._CR1,0,998,563_SR684,386_.png",glasses,"[{""x"": 58.95237350463867, ""y"": 39.097103118896484}]"
catbeds-lowres-2.jpg,https://cdn.thewirecutter.com/wp-content/uploads/2018/04/catbeds-lowres-2.jpg,cat,"[{""x"": 67.30158996582031, ""y"": 62.738094329833984}]"
price-type-field.png,https://www.chargebee.com/docs/2.0/assets/screenshots/images/tax/price-type-field.png,Symbol,"[{""x"": 3.7829315662384033, ""y"": 7.103371620178223}]"
sitting-room-south-window-800x1067.jpg,https://www.prideroad.co.uk/wp-content/uploads/2022/10/sitting-room-south-window-800x1067.jpg,metal pole,"[{""x"": 44.80158615112305, ""y"": 18.863431930541992}]"
permissions.png,https://raw.githubusercontent.com/hoobs-org/HOOBS/master/docs/users/permissions.png,gray settings icon,"[{""x"": 1.369193196296692, ""y"": 96.16847229003906}]"
14-magento-2-shop-by-brand.png,https://store.magenest.com/media/catalog/product/screenshot/1/4/14-magento-2-shop-by-brand.png,Question icon,"[{""x"": 40.94572830200195, ""y"": 36.08328628540039}]"
word-image-69.jpeg,https://cdn-akbcd.nitrocdn.com/uAzHNABcNZTqTDDLuOdKkQlOQcZsAuFo/assets/static/source/rev-d7561ce/wp-content/uploads/2020/10/word-image-69.jpeg,shirt,"[{""x"": 52.83382797241211, ""y"": 73.37553405761719}]"
roti2.jpg,https://www.mintsrecipes.com/wp-content/uploads/roti2.jpg,Mixed ingredients,"[{""x"": 32.345767974853516, ""y"": 66.80854797363281}]"
oyshirainbownew4.jpg,https://usmenuguide.com/wp-content/uploads/2019/03/oyshirainbownew4.jpg,flower pattern,"[{""x"": 91.98412322998047, ""y"": 56.37603759765625}]"
medium.jpg,https://inaturalist-open-data.s3.amazonaws.com/photos/327103199/medium.jpg,spider,"[{""x"": 53.57143020629883, ""y"": 44.16769027709961}]"
mobile-suit-gundam-extreme-vs-full-boost-05.jpg,https://www.atmaxplorer.com/wp-content/uploads/2013/09/mobile-suit-gundam-extreme-vs-full-boost-05.jpg,planet,"[{""x"": 90.93486022949219, ""y"": 87.57882690429688}]"
9%2BDhaba%2BFood%2BOrissa%2BFood%2BChicken+Masala%2BOrissa+Dhabas%2BRoadside.jpg,https://2.bp.blogspot.com/_klxuiu-cgjw/SrRjL7eUPFI/AAAAAAAAB_A/gAl-ouFskyg/s400/9%2BDhaba%2BFood%2BOrissa%2BFood%2BChicken+Masala%2BOrissa+Dhabas%2BRoadside.jpg,Foot,"[{""x"": 10.351920127868652, ""y"": 26.594274520874023}]"
34FD2FEA00000578-3628122-Pictured_above_is_a_hole_in_the_rear_wall_of_Matt_s_cell_that_ac-m-34_1465258527511.jpg,https://i.dailymail.co.uk/i/pix/2016/06/07/01/34FD2FEA00000578-3628122-Pictured_above_is_a_hole_in_the_rear_wall_of_Matt_s_cell_that_ac-m-34_1465258527511.jpg,light brown object,"[{""x"": 28.75, ""y"": 49.45689392089844}]"
976826_8fe9dcfcac1d40d383088f7bb480bfa8~mv2.jpg,"https://static.wixstatic.com/media/976826_8fe9dcfcac1d40d383088f7bb480bfa8~mv2.jpg/v1/fill/w_900,h_600,al_c,q_85,usm_0.66_1.00_0.01,enc_auto/976826_8fe9dcfcac1d40d383088f7bb480bfa8~mv2.jpg",front table,"[{""x"": 32.83333206176758, ""y"": 86.66666412353516}]"
Chivalry-A-Knight-and-rescued-damsel.jpg,http://agentpalmer.com/wp-content/uploads/2012/05/Chivalry-A-Knight-and-rescued-damsel.jpg,Hair,"[{""x"": 86.94444274902344, ""y"": 23.57014274597168}]"
il_fullxfull.2228313813_5rib.jpg,https://i.etsystatic.com/22284357/r/il/25bcac/2228313813/il_fullxfull.2228313813_5rib.jpg,trumpeter illustration on a stamp,"[{""x"": 58.80470275878906, ""y"": 42.33516311645508}]"
4xfywx1w4it21.jpg,https://i.redd.it/4xfywx1w4it21.jpg,settings ,"[{""x"": 70.47618865966797, ""y"": 92.00924682617188}]"
8r1fan82idq61.jpg,https://i.redd.it/8r1fan82idq61.jpg,tree,"[{""x"": 10.857809066772461, ""y"": 45.059078216552734}]"
o.jpg,https://s3-media3.fl.yelpcdn.com/bphoto/Pl0LZDCJmuf7F_dD7LzuaQ/o.jpg,Yellow advertisement,"[{""x"": 89.62797546386719, ""y"": 59.5556640625}]"
P1011884.JPG,http://4.bp.blogspot.com/-IKt6WnktBdU/Uo0eA_gxcmI/AAAAAAAACqw/pgvXnugEPok/s1600/P1011884.JPG, detox Facial,"[{""x"": 21.141666412353516, ""y"": 45.56828308105469}]"
IMG_6619.jpg,http://better2bu.com/wp-content/uploads/2017/01/IMG_6619.jpg,one white light ,"[{""x"": 32.51683807373047, ""y"": 47.255558013916016}]"
crowd-control-2-supported-game-catalog-mock.jpg,https://static0.gamerantimages.com/wordpress/wp-content/uploads/2023/04/crowd-control-2-supported-game-catalog-mock.jpg,Get CC Pro button,"[{""x"": 31.282161712646484, ""y"": 83.6094970703125}]"
YNP_01-768x960.jpg,https://dgx9rrgrsfte9.cloudfront.net/wp-content/uploads/2018/11/29085639/YNP_01-768x960.jpg,black pants,"[{""x"": 38.630950927734375, ""y"": 60.47618865966797}]"
the-little-knitter-1882.jpg!Large.jpg,https://uploads3.wikiart.org/images/william-adolphe-bouguereau/the-little-knitter-1882.jpg!Large.jpg,shawl,"[{""x"": 70.75041198730469, ""y"": 43.61119079589844}]"
s-l1600.jpg,https://i.ebayimg.com/images/g/aUMAAOSwzf9hlQ8E/s-l1600.jpg,5 digit code for mailing,"[{""x"": 59.89426803588867, ""y"": 86.67164611816406}]"
IMG-0061-e1578346501990_vertical-450x591.jpg,https://uphillathlete.com/wp-content/uploads/2017/12/IMG-0061-e1578346501990_vertical-450x591.jpg,mask,"[{""x"": 60.3157958984375, ""y"": 21.23678970336914}]"
IMG_3046.JPG,https://4.bp.blogspot.com/-28jCY2xzyAU/WAkSQrfJXlI/AAAAAAAAzYQ/8MVrR5QWsWgfPfWCuF23RK0oWtAtYU8QQCLcB/s1600/IMG_3046.JPG,Blue trash bins,"[{""x"": 94.42208099365234, ""y"": 53.266483306884766}]"
Screen+shot+2013-08-07+at+11.58.30+AM.png,https://4.bp.blogspot.com/-NAPLvDUKeUQ/UgJ82cO2EhI/AAAAAAAACcs/eOm3Uxg3VRk/s640/Screen+shot+2013-08-07+at+11.58.30+AM.png,rates link,"[{""x"": 86.60713958740234, ""y"": 26.23638916015625}]"
HMD-new-job-postings-1.jpg,https://cdn.wccftech.com/wp-content/uploads/2018/07/HMD-new-job-postings-1.jpg,Apply button,"[{""x"": 26.865074157714844, ""y"": 16.823589324951172}]"
checkout-optimization-increase-confidence-form-validation-687x1024.png,https://scandiweb.com/blog/wp-content/uploads/2021/10/checkout-optimization-increase-confidence-form-validation-687x1024.png,buff logo,"[{""x"": 6.865078926086426, ""y"": 2.9817709922790527}]"
james-bond-25-uc.jpg,https://images.hdqwalls.com/wallpapers/bthumb/james-bond-25-uc.jpg,Traffic cone,"[{""x"": 33.03571319580078, ""y"": 27.271825790405273}]"
Amazon.jpg,https://www.timeoutdubai.com/public/images/2019/05/01/Amazon.jpg,search box,"[{""x"": 46.60787582397461, ""y"": 2.88959002494812}]"
PROGRAM%203.png,https://www.joi.events/hubfs/PROGRAM%203.png,upload photo button,"[{""x"": 33.002017974853516, ""y"": 49.1538200378418}]"
Siris%20signa-gallery%20(5).jpg,https://vertexhomes.com/uploads/projects/gallery/Siris%20signa-gallery%20(5).jpg,Ceiling,"[{""x"": 58.07240295410156, ""y"": 3.0089731216430664}]"
v4-460px-Compare-Products-on-Amazon-Step-2.jpg,https://www.wikihow.com/images/thumb/4/4e/Compare-Products-on-Amazon-Step-2.jpg/v4-460px-Compare-Products-on-Amazon-Step-2.jpg,search icon,"[{""x"": 88.66883087158203, ""y"": 7.4440836906433105}]"
511DUoU80HL.jpg,https://images-na.ssl-images-amazon.com/images/I/511DUoU80HL.jpg,White cap,"[{""x"": 27.202381134033203, ""y"": 60.238094329833984}]"
49490032838_c8235ae96b_o.jpg,https://miscellanynews.org/wp-content/uploads/2020/02/49490032838_c8235ae96b_o.jpg,doorway,"[{""x"": 71.51619720458984, ""y"": 6.308110237121582}]"
Suzy_Fasht_Watercolour_Review_7-340x210.jpeg,https://www.jacksonsart.com/blog/wp-content/uploads/2023/03/Suzy_Fasht_Watercolour_Review_7-340x210.jpeg,paper,"[{""x"": 7.202381134033203, ""y"": 54.162147521972656}]"
1639651370270.jpeg,https://technographx.com/wp-content/uploads/2021/04/1639651370270.jpeg,mobile network signal,"[{""x"": 81.51676940917969, ""y"": 2.6054272651672363}]"
IMG_8299.JPG,https://images.squarespace-cdn.com/content/v1/507477a584ae87aa2d96202b/1656102954888-IM4AP5C1QDJAORVCD5RO/IMG_8299.JPG,iphone ,"[{""x"": 3.2205142974853516, ""y"": 70.69891357421875}]"
steam%2Bcleaning%2Bthe%2Bsink.jpg,https://2.bp.blogspot.com/-txLcLjfZrY4/WxwHSXG3jpI/AAAAAAABJeg/HI-ubE_tJQMhobJi6N0-OjBijOMPg0KlwCLcBGAs/s1600/steam%2Bcleaning%2Bthe%2Bsink.jpg,where i'd turn on the faucet,"[{""x"": 91.66666412353516, ""y"": 38.4998664855957}]"
750x750bb.jpeg,https://is1-ssl.mzstatic.com/image/thumb/PurpleSource126/v4/ce/8c/63/ce8c63b0-dd44-fa21-b8d8-98e181f715e5/06b2821d-1374-4f1a-9c4d-1f086e476cea_Simulator_Screenshot_-_iPhone_11_-_2023-11-15_at_12.41.38.png/750x750bb.jpeg,Black line,"[{""x"": 61.07143020629883, ""y"": 99.27050018310547}]"
cinnamon-rolls-rolled-out.jpg,https://cdn.monkplatform.com/image/czoxOTU6Imh0dHBzJTNBJTJGJTJGN2UxNmEwMDI1MDkwM2ZjOWE3ZTYtYmZmZGZiNjQ4OGE1NjU4YmM3NTY2NTA5YjViM2JmMWQuc3NsLmNmMi5yYWNrY2RuLmNvbSUyRnVwbG9hZGVkJTJGYyUyRjBlMTQ5Mjg5MzVfMTY2NTA4NTE4NV9jaW5uYW1vbi1yb2xscy1yb2xsZWQtb3V0LmpwZyUzRnMlM0RkYWI0OWUxNmUzNTc3NGJkMWNlZDgyNGE1MmY1YzA2YyI7/cinnamon-rolls-rolled-out.jpg,plastic bag,"[{""x"": 68.75518798828125, ""y"": 4.278432369232178}]"
image.png,https://downloads.intercomcdn.com/i/o/620895566/478fc6113c32645b7e36eef7/image.png,SAND/BIDR dropdown,"[{""x"": 15.014265060424805, ""y"": 5.615290641784668}]"
545317800_1140x641.png,https://media.wfmynews2.com/assets/WZZM/images/545317800/545317800_1140x641.png,lamp post,"[{""x"": 71.4571533203125, ""y"": 97.04281616210938}]"
01-Cropped-2048x1356.jpg,https://ranchingheritage.org/wp-content/uploads/2022/08/01-Cropped-2048x1356.jpg,saddle,"[{""x"": 19.984310150146484, ""y"": 56.77659225463867}]"
hhr4224-hall1.jpg,http://www.myhiltonheadcondo.com/hhr4224-hall1.jpg,where you'd open door,"[{""x"": 27.261905670166016, ""y"": 55.716304779052734}]"
61544e8333a6a_ep7i6r4s5ji71__700.jpg,https://www.boredpanda.com/blog/wp-content/uploads/2021/09/61544e8333a6a_ep7i6r4s5ji71__700.jpg,roundabout,"[{""x"": 39.32539749145508, ""y"": 51.180213928222656}]"
Shell-Building-3-Industrial-Site-City-of-Shelby-_-Featured-Image.png,https://d1pu3shgeul9br.cloudfront.net/2022/01/Shell-Building-3-Industrial-Site-City-of-Shelby-_-Featured-Image.png,forrest,"[{""x"": 55.78868865966797, ""y"": 11.465513229370117}]"
jquery-ajax-example-604x320.jpg,https://jharaphula.com/wp-content/uploads/2016/11/jquery-ajax-example-604x320.jpg,backslash ,"[{""x"": 69.88095092773438, ""y"": 59.77192306518555}]"
IMG_4130.JPG,http://3.bp.blogspot.com/_7jNS-aJ7QTI/S6_lnZyoGrI/AAAAAAAAAv8/8-2PU0eTn_M/s1600/IMG_4130.JPG,carrot #3,"[{""x"": 46.88668441772461, ""y"": 36.9662971496582}]"
001-8824_002.jpg,https://www.bmr.ca/media/catalog/product/cache/dbd4d66e0218ad08feb3e29c5f000568/0/0/001-8824_002.jpg,hard hat,"[{""x"": 29.50792694091797, ""y"": 30.827600479125977}]"
DURING-PREPPING-PATIO-IMG_6359-scaled.jpg,https://thetarnishedjewelblog.com/wp-content/uploads/2021/08/DURING-PREPPING-PATIO-IMG_6359-scaled.jpg,porch ceiling light,"[{""x"": 54.08876419067383, ""y"": 8.712008476257324}]"
H7e005e3f36f34a31bef09207ad406e67J.jpg,http://sc04.alicdn.com/kf/H7e005e3f36f34a31bef09207ad406e67J/202260013/H7e005e3f36f34a31bef09207ad406e67J.jpg,basket,"[{""x"": 94.62274932861328, ""y"": 68.50375366210938}]"
bookdown-installed.png,https://handsondataviz.org/images/20-bookdown/bookdown-installed.png,arrow pointing ends,"[{""x"": 77.2120590209961, ""y"": 35.08456802368164}]"
desktop.png,https://d1fufvy4xao6k9.cloudfront.net/images/landings/387/desktop.png,search bar,"[{""x"": 22.74725341796875, ""y"": 13.133208274841309}]"
Birthstone-engagement-rings.jpeg,https://blog.jamesallen.com/wp-content/uploads/2022/11/Birthstone-engagement-rings.jpeg,white background,"[{""x"": 29.03293800354004, ""y"": 34.16216278076172}]"
P0.jpg,https://media-photos.depop.com/b0/14190424/793787248_862a2100b20c450fa96e514c62552ab9/P0.jpg,cat mouth,"[{""x"": 53.999752044677734, ""y"": 54.375850677490234}]"
76379-11-1466146810.jpg,https://staticdelivery.nexusmods.com/mods/1704/images/76379-11-1466146810.jpg,Path,"[{""x"": 51.109188079833984, ""y"": 83.98783874511719}]"
Oreo-Cookie-Balls.1.jpg,http://hoosierhomemade.com/wp-content/uploads/Oreo-Cookie-Balls.1.jpg,white turning part,"[{""x"": 43.988094329833984, ""y"": 46.971221923828125}]"
2f158138dfcec150216c54261ef40c71617d6bd83bdc3212dbcd471ebffe3f0e_1.jpg,https://img.ifunny.co/images/2f158138dfcec150216c54261ef40c71617d6bd83bdc3212dbcd471ebffe3f0e_1.jpg,where you would scroll down,"[{""x"": 91.5016860961914, ""y"": 90.15418243408203}]"
best-blackjack-casino-bodog.jpg,https://www.casinosrealmoney.com/storage/2020/08/best-blackjack-casino-bodog.jpg,blue border,"[{""x"": 99.07601165771484, ""y"": 96.45848846435547}]"
9763255_orig.jpg,http://cardiffcityprogrammes.weebly.com/uploads/7/6/4/6/7646028/9763255_orig.jpg,Symbol,"[{""x"": 45.92753219604492, ""y"": 21.010028839111328}]"
aNPGE26_700b.jpg,https://images-cdn.9gag.com/photo/aNPGE26_700b.jpg,toilet scrubber,"[{""x"": 30.0, ""y"": 17.369726181030273}]"
holiday-gift-card-sale-1382x1536.png,https://www.varnishnails.ca/wp-content/uploads/2023/12/holiday-gift-card-sale-1382x1536.png,trademark symbol,"[{""x"": 64.83515930175781, ""y"": 86.38909149169922}]"
Annual-Passholder-Park-Pass-Reservations-June-1-350x307.png,https://www.disneyfoodblog.com/wp-content/uploads/2021/05/Annual-Passholder-Park-Pass-Reservations-June-1-350x307.png,resort hotels button,"[{""x"": 47.2023811340332, ""y"": 3.9359560012817383}]"
IMG_8773.jpg,http://1.bp.blogspot.com/_Pdu5ZyXqLxo/TA3BEStsOdI/AAAAAAAAAVk/JqkLnJ3ozNA/s1600/IMG_8773.jpg,silver fish,"[{""x"": 66.37997436523438, ""y"": 27.158260345458984}]"
NW3RPEOYWFAEDOEKQ5BGOFEXMY.jpg,https://www.inquirer.com/resizer/kc3D6iOtsGT0mcMC0Fgmii_y9Zc=/0x0:2398x1600/760x507/filters:format(webp)/cloudfront-us-east-1.images.arcpublishing.com/pmn/NW3RPEOYWFAEDOEKQ5BGOFEXMY.jpg,building,"[{""x"": 70.16666412353516, ""y"": 24.055856704711914}]"
il_fullxfull.4144595537_2ro2.jpg,https://i.etsystatic.com/18902881/r/il/5dcdd9/4144595537/il_fullxfull.4144595537_2ro2.jpg,Girl,"[{""x"": 41.59614562988281, ""y"": 11.880011558532715}]"
berghoff-eric-rogers-006.jpg,https://architecture-org.s3.amazonaws.com/files/events/berghoff-eric-rogers-006.jpg,power outlet,"[{""x"": 86.10344696044922, ""y"": 36.00970458984375}]"
Shiren-the-Wanderer-5-Limited-Run-Games-e1610636776748.jpg,https://ricedigital.co.uk/wp-content/uploads/2021/01/Shiren-the-Wanderer-5-Limited-Run-Games-e1610636776748.jpg,blue rectangle,"[{""x"": 90.59001159667969, ""y"": 34.03169631958008}]"
helicoid-j4j3j7a2y0000-gauge.jpg,https://maraindustrial.com/cart/1030836-thickbox_default/helicoid-j4j3j7a2y0000-gauge.jpg,red label,"[{""x"": 48.125, ""y"": 36.67410659790039}]"
image-1616593193410.png,https://cdn.document360.io/6ef8bcc1-6489-4486-9ad1-83acff7e5df0/Images/Documentation/image-1616593193410.png,Intercepted results button,"[{""x"": 78.9129409790039, ""y"": 11.138224601745605}]"
201902older-people-are-confessing-which-young-trends-they-actually-like-and-its-adorable-370x297.jpg,https://ruinmyweek.com/wp-content/uploads/2019/02/201902older-people-are-confessing-which-young-trends-they-actually-like-and-its-adorable-370x297.jpg,mustache ,"[{""x"": 50.89285659790039, ""y"": 19.428544998168945}]"
DSC6564-1.jpg,https://dentalcrack.com/wp-content/uploads/2019/05/DSC6564-1.jpg,wall,"[{""x"": 15.69953441619873, ""y"": 8.783539772033691}]"
bingfb3.png,http://i981.photobucket.com/albums/ae299/360i_bucket/bingfb3.png,water,"[{""x"": 45.87053680419922, ""y"": 86.7977523803711}]"
payments-payment-handle-mobile-create-share.jpg,https://razorpay.com/docs/build/browser/assets/images/payments-payment-handle-mobile-create-share.jpg,Search icon ,"[{""x"": 82.89682006835938, ""y"": 5.281757354736328}]"
m-ecommerce.jpg,https://fabrx.co/wp-content/uploads/2020/10/m-ecommerce.jpg,keyboard with white buttons,"[{""x"": 50.523807525634766, ""y"": 48.08057403564453}]"
DSC_0124-1100x733.jpg,https://www.c-heads.com/wp-content/uploads/2018/03/DSC_0124-1100x733.jpg,hair,"[{""x"": 40.50105667114258, ""y"": 30.780498504638672}]"
30.jpg,https://cdn.tutsplus.com/photo/uploads/legacy/516_streetroundup/30.jpg,right sidewalk,"[{""x"": 84.58333587646484, ""y"": 79.64286041259766}]"
solid-forum.png,https://warptheme.com/wp-content/uploads/2016/02/solid-forum.png,Facebook icon,"[{""x"": 79.0940933227539, ""y"": 98.32479858398438}]"
jquery-responsive-popup-box.png,https://2.bp.blogspot.com/--QDFg1a0qns/W1GQoEyaVgI/AAAAAAAAAI8/6Z6EuzDVesMuJmNAiXguccoE6tYO7tUCACLcBGAs/w1200-h630-p-k-no-nu/jquery-responsive-popup-box.png,Name Input Box,"[{""x"": 42.54727554321289, ""y"": 17.584745407104492}]"
vipre-internet-shield-vpn-2.jpg,https://vpnwiki.com/_shared/gallery/vipre-internet-shield-vpn-2.jpg,red flag,"[{""x"": 7.574404716491699, ""y"": 38.96283721923828}]"
1664096701313.jpg,https://cdn.catsinfo.com/1664096701313.jpg,Empty floor in front of cat,"[{""x"": 62.32143020629883, ""y"": 95.625}]"
eze_top_up_2.PNG,https://support.ezetop.com/hc/en-us/article_attachments/201527581/eze_top_up_2.PNG,support tab,"[{""x"": 67.20237731933594, ""y"": 80.20887756347656}]"
Sola_Street_Lights.jpg,http://www.evasgroup.com/images/technologies/Sola_Street_Lights.jpg,tree,"[{""x"": 66.35324096679688, ""y"": 35.47307205200195}]"
booking-.png,http://getcardable.com/blog/wp-content/uploads/2017/10/booking-.png,Search Button,"[{""x"": 81.41138458251953, ""y"": 74.06949615478516}]"
flan-new-york-pop-up-5-optimized.jpg,https://parasolprojects.com/wp-content/uploads/2023/06/flan-new-york-pop-up-5-optimized.jpg,smiley face,"[{""x"": 95.57907104492188, ""y"": 24.30170440673828}]"
fa9f4d42269081.57c6f6a46c49c.jpg,https://mir-s3-cdn-cf.behance.net/project_modules/disp/fa9f4d42269081.57c6f6a46c49c.jpg,grass,"[{""x"": 27.797618865966797, ""y"": 76.42213439941406}]"
standard_build_15.png,https://d2908q01vomqb2.cloudfront.net/f1f836cb4ea6efb2a0b1b99f41ad8b103eff4b59/2022/06/15/standard_build_15.png,add version button,"[{""x"": 86.36373138427734, ""y"": 3.5742502212524414}]"
1_Picture1-768x768.png,https://sites.disney.com/app/uploads/sites/57/2023/11/1_Picture1-768x768.png,poster board,"[{""x"": 65.21428680419922, ""y"": 28.619049072265625}]"
details-min-2.jpg,https://thegeekpage.com/wp-content/uploads/2023/07/details-min-2.jpg,archive,"[{""x"": 58.666664123535156, ""y"": 29.169349670410156}]"
287a_m10.jpg,https://i.servimg.com/u/f58/19/97/72/55/287a_m10.jpg,flower ring,"[{""x"": 54.40648651123047, ""y"": 15.699252128601074}]"
Screenshots-of-window-treatments-google-search-783x439.png,https://d317jr06u12xtj.cloudfront.net/2022/11/Screenshots-of-window-treatments-google-search-783x439.png,green arrow,"[{""x"": 16.46825408935547, ""y"": 51.527278900146484}]"
10B_333_58441_1482784974_6.jpg,https://images.squarespace-cdn.com/content/v1/619d15cc2d8973445e0d7404/1e3ed3ab-54c0-4603-ae0b-b9e97b897c46/10B_333_58441_1482784974_6.jpg,green and white latte art,"[{""x"": 14.732142448425293, ""y"": 44.972496032714844}]"
jigsaw-cutting-acrylic.jpg,https://www.mimowork.com/uploads/jigsaw-cutting-acrylic.jpg,black bench space,"[{""x"": 36.130950927734375, ""y"": 38.265525817871094}]"
DisneyResorts_DoleWhip.jpg,https://lovedwellshere.com/wp-content/uploads/2019/02/DisneyResorts_DoleWhip.jpg,swirled ice cream,"[{""x"": 38.75, ""y"": 31.60714340209961}]"
tig-welding.jpg,http://st.hotrod.com/uploads/sites/21/2015/07/tig-welding.jpg,right hand holding tupe,"[{""x"": 58.43897247314453, ""y"": 10.859834671020508}]"
stencil-gift-wrap-3-WORDS--768x1152.jpg,https://tellloveandparty.com/wp-content/uploads/2018/12/stencil-gift-wrap-3-WORDS--768x1152.jpg,purple pine cone,"[{""x"": 13.976189613342285, ""y"": 59.33333206176758}]"
riveting-01.jpg,https://s28490.pcdn.co/wp-content/uploads/2019/05/riveting-01.jpg,pant,"[{""x"": 52.15656661987305, ""y"": 91.90300750732422}]"
jk6.png,https://www.uniwraps.com/wp-content/uploads/2023/01/jk6.png,pink shirt,"[{""x"": 62.470863342285156, ""y"": 10.386473655700684}]"
viewfromloft2.jpg,https://www.thelandingresort.com/wp-content/uploads/2019/05/viewfromloft2.jpg,blinds,"[{""x"": 8.554089546203613, ""y"": 30.649166107177734}]"
8bf604cc-8c32-4450-af0a-3ac686ba4085.jpeg,https://a0.muscache.com/im/pictures/lombard/MtTemplate-1058060-media_library/original/8bf604cc-8c32-4450-af0a-3ac686ba4085.jpeg,water,"[{""x"": 52.62862777709961, ""y"": 84.10772705078125}]"
93370d1485969976t-web-pages-taking-ages-finish-loading-screenshot_58.png,https://www.tenforums.com/attachments/browsers-email/93370d1485969976t-web-pages-taking-ages-finish-loading-screenshot_58.png,sky,"[{""x"": 87.97618865966797, ""y"": 72.88671112060547}]"
Playback-History-600x451.png,https://innuos.com/wp-content/uploads/2021/03/Playback-History-600x451.png,grey background,"[{""x"": 24.58333396911621, ""y"": 94.07804870605469}]"
LAST-SUMMER-JPG-scaled.jpg,https://images.amcnetworks.com/ifccenter.com/wp-content/uploads/2023/03/LAST-SUMMER-JPG-scaled.jpg,blond ponytail,"[{""x"": 44.45746612548828, ""y"": 16.55298614501953}]"
142159-Now-Smile-Boy.jpg,https://www.lovethispic.com/uploaded_images/142159-Now-Smile-Boy.jpg,left eye,"[{""x"": 66.50297546386719, ""y"": 28.574234008789062}]"
Photo%2B30.jpg,http://1.bp.blogspot.com/-wzC4xf0F5RA/VnLtwvBwQvI/AAAAAAAADCY/CzZwtxyAIRA/s1600/Photo%2B30.jpg,intercom,"[{""x"": 68.25369262695312, ""y"": 3.2088241577148438}]"
Screenshot_20200322-175750.jpg,https://1.bp.blogspot.com/-30MoIgTCyqY/Xno5vPWv3TI/AAAAAAAAGxw/aizjcpfBq948tHEkq8WVqpEKHbxJhQmKQCLcBGAsYHQ/s640/Screenshot_20200322-175750.jpg,battery icon,"[{""x"": 73.2953872680664, ""y"": 2.1314241886138916}]"
25ef88425148760d8566a951b9fd3906.jpg,https://i.pinimg.com/originals/25/ef/88/25ef88425148760d8566a951b9fd3906.jpg,Click here to schedule an appointment with BOA,"[{""x"": 49.880950927734375, ""y"": 91.24757385253906}]"
ice-fishing-e1526925035164.jpg,https://laplandwelcome.fi/userassets/uploads/2017/09/ice-fishing-e1526925035164.jpg,Ice fishing rods,"[{""x"": 19.940475463867188, ""y"": 31.65587043762207}]"
CMD-IT-DDAM-Graphic-march-2023-e1679939408375.png,https://cmd-it.org/wp-content/uploads/2023/03/CMD-IT-DDAM-Graphic-march-2023-e1679939408375.png,"""CMD"" and ""T"" written  in bold white capital letters","[{""x"": 83.84920501708984, ""y"": 93.92857360839844}]"